[
  {
    "patient_id": 1,
    "first_name": "Gloriane",
    "last_name": "Skittles",
    "email": "gskittles0@google.ca",
    "gender": "Male",
    "age": 58,
    "avatar": "http://dummyimage.com/146x100.png/5fa2dd/ffffff"
  },
  {
    "patient_id": 2,
    "first_name": "Lydon",
    "last_name": "Dymock",
    "email": "ldymock1@techcrunch.com",
    "gender": "Female",
    "age": 64,
    "avatar": "http://dummyimage.com/221x100.png/ff4444/ffffff"
  },
  {
    "patient_id": 3,
    "first_name": "Shelden",
    "last_name": "Dilawey",
    "email": "sdilawey2@economist.com",
    "gender": "Female",
    "age": 53,
    "avatar": "http://dummyimage.com/241x100.png/dddddd/000000"
  },
  {
    "patient_id": 4,
    "first_name": "Truda",
    "last_name": "Halgarth",
    "email": "thalgarth3@washingtonpost.com",
    "gender": "Female",
    "age": 60,
    "avatar": "http://dummyimage.com/248x100.png/5fa2dd/ffffff"
  },
  {
    "patient_id": 5,
    "first_name": "Nari",
    "last_name": "Mitie",
    "email": "nmitie4@macromedia.com",
    "gender": "Male",
    "age": 65,
    "avatar": "http://dummyimage.com/187x100.png/ff4444/ffffff"
  },
  {
    "patient_id": 6,
    "first_name": "Quintina",
    "last_name": "Frankum",
    "email": "qfrankum5@oaic.gov.au",
    "gender": "Male",
    "age": 21,
    "avatar": "http://dummyimage.com/139x100.png/5fa2dd/ffffff"
  },
  {
    "patient_id": 7,
    "first_name": "Mercy",
    "last_name": "Sale",
    "email": "msale6@zimbio.com",
    "gender": "Male",
    "age": 32,
    "avatar": "http://dummyimage.com/207x100.png/cc0000/ffffff"
  },
  {
    "patient_id": 8,
    "first_name": "Ida",
    "last_name": "Rozier",
    "email": "irozier7@tinyurl.com",
    "gender": "Male",
    "age": 52,
    "avatar": "http://dummyimage.com/124x100.png/5fa2dd/ffffff"
  },
  {
    "patient_id": 9,
    "first_name": "Deane",
    "last_name": "Phizackarley",
    "email": "dphizackarley8@cocolog-nifty.com",
    "gender": "Female",
    "age": 47,
    "avatar": "http://dummyimage.com/194x100.png/dddddd/000000"
  },
  {
    "patient_id": 10,
    "first_name": "Myrilla",
    "last_name": "Renols",
    "email": "mrenols9@ft.com",
    "gender": "Female",
    "age": 56,
    "avatar": "http://dummyimage.com/229x100.png/ff4444/ffffff"
  },
  {
    "patient_id": 11,
    "first_name": "Arney",
    "last_name": "Callery",
    "email": "acallerya@domainmarket.com",
    "gender": "Male",
    "age": 43,
    "avatar": "http://dummyimage.com/105x100.png/dddddd/000000"
  },
  {
    "patient_id": 12,
    "first_name": "Alessandra",
    "last_name": "Lubman",
    "email": "alubmanb@hp.com",
    "gender": "Male",
    "age": 50,
    "avatar": "http://dummyimage.com/173x100.png/cc0000/ffffff"
  },
  {
    "patient_id": 13,
    "first_name": "Nerissa",
    "last_name": "Ccomini",
    "email": "nccominic@state.gov",
    "gender": "Male",
    "age": 50,
    "avatar": "http://dummyimage.com/124x100.png/dddddd/000000"
  },
  {
    "patient_id": 14,
    "first_name": "Gerianne",
    "last_name": "Crunkhorn",
    "email": "gcrunkhornd@tripadvisor.com",
    "gender": "Male",
    "age": 41,
    "avatar": "http://dummyimage.com/111x100.png/ff4444/ffffff"
  },
  {
    "patient_id": 15,
    "first_name": "Elicia",
    "last_name": "McCraine",
    "email": "emccrainee@ebay.com",
    "gender": "Female",
    "age": 66,
    "avatar": "http://dummyimage.com/160x100.png/dddddd/000000"
  },
  {
    "patient_id": 16,
    "first_name": "Mab",
    "last_name": "Lazar",
    "email": "mlazarf@baidu.com",
    "gender": "Female",
    "age": 57,
    "avatar": "http://dummyimage.com/163x100.png/ff4444/ffffff"
  },
  {
    "patient_id": 17,
    "first_name": "Helaina",
    "last_name": "Davet",
    "email": "hdavetg@miibeian.gov.cn",
    "gender": "Male",
    "age": 33,
    "avatar": "http://dummyimage.com/143x100.png/dddddd/000000"
  },
  {
    "patient_id": 18,
    "first_name": "Leonie",
    "last_name": "Spillman",
    "email": "lspillmanh@gnu.org",
    "gender": "Female",
    "age": 21,
    "avatar": "http://dummyimage.com/227x100.png/5fa2dd/ffffff"
  },
  {
    "patient_id": 19,
    "first_name": "Rae",
    "last_name": "Leere",
    "email": "rleerei@paginegialle.it",
    "gender": "Male",
    "age": 30,
    "avatar": "http://dummyimage.com/249x100.png/5fa2dd/ffffff"
  },
  {
    "patient_id": 20,
    "first_name": "Stefa",
    "last_name": "Barlas",
    "email": "sbarlasj@studiopress.com",
    "gender": "Female",
    "age": 53,
    "avatar": "http://dummyimage.com/177x100.png/ff4444/ffffff"
  },
  {
    "patient_id": 21,
    "first_name": "Danny",
    "last_name": "Bartos",
    "email": "dbartosk@furl.net",
    "gender": "Male",
    "age": 40,
    "avatar": "http://dummyimage.com/246x100.png/5fa2dd/ffffff"
  },
  {
    "patient_id": 22,
    "first_name": "Clyve",
    "last_name": "Roch",
    "email": "crochl@craigslist.org",
    "gender": "Female",
    "age": 38,
    "avatar": "http://dummyimage.com/159x100.png/cc0000/ffffff"
  },
  {
    "patient_id": 23,
    "first_name": "Truman",
    "last_name": "Haskins",
    "email": "thaskinsm@ibm.com",
    "gender": "Female",
    "age": 40,
    "avatar": "http://dummyimage.com/179x100.png/cc0000/ffffff"
  },
  {
    "patient_id": 24,
    "first_name": "Chico",
    "last_name": "Spera",
    "email": "csperan@bandcamp.com",
    "gender": "Female",
    "age": 53,
    "avatar": "http://dummyimage.com/192x100.png/ff4444/ffffff"
  },
  {
    "patient_id": 25,
    "first_name": "Saunder",
    "last_name": "Durston",
    "email": "sdurstono@typepad.com",
    "gender": "Male",
    "age": 30,
    "avatar": "http://dummyimage.com/197x100.png/dddddd/000000"
  },
  {
    "patient_id": 26,
    "first_name": "Andrej",
    "last_name": "Blazhevich",
    "email": "ablazhevichp@gov.uk",
    "gender": "Male",
    "age": 22,
    "avatar": "http://dummyimage.com/174x100.png/cc0000/ffffff"
  },
  {
    "patient_id": 27,
    "first_name": "Cullie",
    "last_name": "Startin",
    "email": "cstartinq@ox.ac.uk",
    "gender": "Female",
    "age": 36,
    "avatar": "http://dummyimage.com/217x100.png/dddddd/000000"
  },
  {
    "patient_id": 28,
    "first_name": "Bobbi",
    "last_name": "Greenshiels",
    "email": "bgreenshielsr@jalbum.net",
    "gender": "Female",
    "age": 29,
    "avatar": "http://dummyimage.com/247x100.png/dddddd/000000"
  },
  {
    "patient_id": 29,
    "first_name": "Gloriana",
    "last_name": "Olpin",
    "email": "golpins@zimbio.com",
    "gender": "Male",
    "age": 49,
    "avatar": "http://dummyimage.com/169x100.png/ff4444/ffffff"
  },
  {
    "patient_id": 30,
    "first_name": "Tremain",
    "last_name": "Forsyde",
    "email": "tforsydet@t-online.de",
    "gender": "Female",
    "age": 54,
    "avatar": "http://dummyimage.com/233x100.png/cc0000/ffffff"
  },
  {
    "patient_id": 31,
    "first_name": "Cicily",
    "last_name": "Brommage",
    "email": "cbrommageu@imgur.com",
    "gender": "Male",
    "age": 39,
    "avatar": "http://dummyimage.com/113x100.png/5fa2dd/ffffff"
  },
  {
    "patient_id": 32,
    "first_name": "Yves",
    "last_name": "Ninnotti",
    "email": "yninnottiv@opera.com",
    "gender": "Male",
    "age": 70,
    "avatar": "http://dummyimage.com/212x100.png/dddddd/000000"
  },
  {
    "patient_id": 33,
    "first_name": "Clarey",
    "last_name": "Pagan",
    "email": "cpaganw@phoca.cz",
    "gender": "Female",
    "age": 50,
    "avatar": "http://dummyimage.com/209x100.png/dddddd/000000"
  },
  {
    "patient_id": 34,
    "first_name": "Calley",
    "last_name": "Axtonne",
    "email": "caxtonnex@facebook.com",
    "gender": "Female",
    "age": 65,
    "avatar": "http://dummyimage.com/168x100.png/ff4444/ffffff"
  },
  {
    "patient_id": 35,
    "first_name": "Luisa",
    "last_name": "Syseland",
    "email": "lsyselandy@fotki.com",
    "gender": "Female",
    "age": 55,
    "avatar": "http://dummyimage.com/216x100.png/ff4444/ffffff"
  },
  {
    "patient_id": 36,
    "first_name": "Felice",
    "last_name": "Spensly",
    "email": "fspenslyz@ezinearticles.com",
    "gender": "Female",
    "age": 18,
    "avatar": "http://dummyimage.com/207x100.png/cc0000/ffffff"
  },
  {
    "patient_id": 37,
    "first_name": "Granthem",
    "last_name": "Ker",
    "email": "gker10@oaic.gov.au",
    "gender": "Male",
    "age": 25,
    "avatar": "http://dummyimage.com/127x100.png/cc0000/ffffff"
  },
  {
    "patient_id": 38,
    "first_name": "Zelig",
    "last_name": "Twiname",
    "email": "ztwiname11@prlog.org",
    "gender": "Male",
    "age": 33,
    "avatar": "http://dummyimage.com/163x100.png/5fa2dd/ffffff"
  },
  {
    "patient_id": 39,
    "first_name": "Dwight",
    "last_name": "Martinovic",
    "email": "dmartinovic12@reverbnation.com",
    "gender": "Male",
    "age": 48,
    "avatar": "http://dummyimage.com/239x100.png/ff4444/ffffff"
  },
  {
    "patient_id": 40,
    "first_name": "Ashly",
    "last_name": "Roiz",
    "email": "aroiz13@toplist.cz",
    "gender": "Male",
    "age": 54,
    "avatar": "http://dummyimage.com/103x100.png/5fa2dd/ffffff"
  },
  {
    "patient_id": 41,
    "first_name": "Tommie",
    "last_name": "Goundsy",
    "email": "tgoundsy14@desdev.cn",
    "gender": "Male",
    "age": 67,
    "avatar": "http://dummyimage.com/151x100.png/ff4444/ffffff"
  },
  {
    "patient_id": 42,
    "first_name": "Mahalia",
    "last_name": "Pohling",
    "email": "mpohling15@is.gd",
    "gender": "Female",
    "age": 34,
    "avatar": "http://dummyimage.com/180x100.png/dddddd/000000"
  },
  {
    "patient_id": 43,
    "first_name": "Libbi",
    "last_name": "Willarton",
    "email": "lwillarton16@google.cn",
    "gender": "Male",
    "age": 34,
    "avatar": "http://dummyimage.com/233x100.png/cc0000/ffffff"
  },
  {
    "patient_id": 44,
    "first_name": "Emogene",
    "last_name": "Levene",
    "email": "elevene17@macromedia.com",
    "gender": "Male",
    "age": 23,
    "avatar": "http://dummyimage.com/213x100.png/ff4444/ffffff"
  },
  {
    "patient_id": 45,
    "first_name": "Quintilla",
    "last_name": "Walmsley",
    "email": "qwalmsley18@purevolume.com",
    "gender": "Male",
    "age": 25,
    "avatar": "http://dummyimage.com/120x100.png/5fa2dd/ffffff"
  },
  {
    "patient_id": 46,
    "first_name": "Ada",
    "last_name": "Barkley",
    "email": "abarkley19@apache.org",
    "gender": "Male",
    "age": 18,
    "avatar": "http://dummyimage.com/187x100.png/dddddd/000000"
  },
  {
    "patient_id": 47,
    "first_name": "Dodie",
    "last_name": "Roullier",
    "email": "droullier1a@microsoft.com",
    "gender": "Male",
    "age": 30,
    "avatar": "http://dummyimage.com/152x100.png/cc0000/ffffff"
  },
  {
    "patient_id": 48,
    "first_name": "Sterne",
    "last_name": "Knell",
    "email": "sknell1b@sciencedaily.com",
    "gender": "Female",
    "age": 32,
    "avatar": "http://dummyimage.com/236x100.png/dddddd/000000"
  },
  {
    "patient_id": 49,
    "first_name": "Allister",
    "last_name": "Kilpatrick",
    "email": "akilpatrick1c@newsvine.com",
    "gender": "Female",
    "age": 25,
    "avatar": "http://dummyimage.com/119x100.png/ff4444/ffffff"
  },
  {
    "patient_id": 50,
    "first_name": "Lissie",
    "last_name": "Danilevich",
    "email": "ldanilevich1d@redcross.org",
    "gender": "Female",
    "age": 41,
    "avatar": "http://dummyimage.com/164x100.png/ff4444/ffffff"
  },
  {
    "patient_id": 51,
    "first_name": "Mella",
    "last_name": "Sands",
    "email": "msands1e@harvard.edu",
    "gender": "Female",
    "age": 69,
    "avatar": "http://dummyimage.com/170x100.png/ff4444/ffffff"
  },
  {
    "patient_id": 52,
    "first_name": "Karalynn",
    "last_name": "Bener",
    "email": "kbener1f@acquirethisname.com",
    "gender": "Male",
    "age": 65,
    "avatar": "http://dummyimage.com/237x100.png/ff4444/ffffff"
  },
  {
    "patient_id": 53,
    "first_name": "Isadore",
    "last_name": "Millsom",
    "email": "imillsom1g@indiatimes.com",
    "gender": "Female",
    "age": 19,
    "avatar": "http://dummyimage.com/114x100.png/5fa2dd/ffffff"
  },
  {
    "patient_id": 54,
    "first_name": "Whitney",
    "last_name": "Bellchamber",
    "email": "wbellchamber1h@pcworld.com",
    "gender": "Female",
    "age": 26,
    "avatar": "http://dummyimage.com/213x100.png/cc0000/ffffff"
  },
  {
    "patient_id": 55,
    "first_name": "Leonerd",
    "last_name": "Goodisson",
    "email": "lgoodisson1i@wunderground.com",
    "gender": "Female",
    "age": 55,
    "avatar": "http://dummyimage.com/168x100.png/5fa2dd/ffffff"
  },
  {
    "patient_id": 56,
    "first_name": "Eugen",
    "last_name": "Grimsdyke",
    "email": "egrimsdyke1j@google.com.hk",
    "gender": "Male",
    "age": 65,
    "avatar": "http://dummyimage.com/103x100.png/5fa2dd/ffffff"
  },
  {
    "patient_id": 57,
    "first_name": "Fayth",
    "last_name": "Shillum",
    "email": "fshillum1k@51.la",
    "gender": "Male",
    "age": 38,
    "avatar": "http://dummyimage.com/177x100.png/ff4444/ffffff"
  },
  {
    "patient_id": 58,
    "first_name": "Lodovico",
    "last_name": "Laxson",
    "email": "llaxson1l@reddit.com",
    "gender": "Male",
    "age": 63,
    "avatar": "http://dummyimage.com/211x100.png/ff4444/ffffff"
  },
  {
    "patient_id": 59,
    "first_name": "Jaimie",
    "last_name": "Peinton",
    "email": "jpeinton1m@samsung.com",
    "gender": "Female",
    "age": 59,
    "avatar": "http://dummyimage.com/130x100.png/cc0000/ffffff"
  },
  {
    "patient_id": 60,
    "first_name": "Rhona",
    "last_name": "Buck",
    "email": "rbuck1n@yellowbook.com",
    "gender": "Female",
    "age": 63,
    "avatar": "http://dummyimage.com/212x100.png/cc0000/ffffff"
  },
  {
    "patient_id": 61,
    "first_name": "Winonah",
    "last_name": "Gleadhell",
    "email": "wgleadhell1o@devhub.com",
    "gender": "Female",
    "age": 55,
    "avatar": "http://dummyimage.com/127x100.png/dddddd/000000"
  },
  {
    "patient_id": 62,
    "first_name": "Selia",
    "last_name": "Semechik",
    "email": "ssemechik1p@shareasale.com",
    "gender": "Female",
    "age": 70,
    "avatar": "http://dummyimage.com/145x100.png/dddddd/000000"
  },
  {
    "patient_id": 63,
    "first_name": "Tildie",
    "last_name": "McDonald",
    "email": "tmcdonald1q@histats.com",
    "gender": "Female",
    "age": 19,
    "avatar": "http://dummyimage.com/248x100.png/5fa2dd/ffffff"
  },
  {
    "patient_id": 64,
    "first_name": "Tiphany",
    "last_name": "Gatecliff",
    "email": "tgatecliff1r@yellowbook.com",
    "gender": "Male",
    "age": 60,
    "avatar": "http://dummyimage.com/202x100.png/5fa2dd/ffffff"
  },
  {
    "patient_id": 65,
    "first_name": "Dagny",
    "last_name": "Darbey",
    "email": "ddarbey1s@stumbleupon.com",
    "gender": "Male",
    "age": 57,
    "avatar": "http://dummyimage.com/186x100.png/dddddd/000000"
  },
  {
    "patient_id": 66,
    "first_name": "Halsey",
    "last_name": "Trank",
    "email": "htrank1t@nba.com",
    "gender": "Female",
    "age": 25,
    "avatar": "http://dummyimage.com/181x100.png/ff4444/ffffff"
  },
  {
    "patient_id": 67,
    "first_name": "Kerstin",
    "last_name": "Lanphier",
    "email": "klanphier1u@photobucket.com",
    "gender": "Male",
    "age": 68,
    "avatar": "http://dummyimage.com/103x100.png/5fa2dd/ffffff"
  },
  {
    "patient_id": 68,
    "first_name": "Lanita",
    "last_name": "Collaton",
    "email": "lcollaton1v@mediafire.com",
    "gender": "Female",
    "age": 33,
    "avatar": "http://dummyimage.com/129x100.png/5fa2dd/ffffff"
  },
  {
    "patient_id": 69,
    "first_name": "Willi",
    "last_name": "Cool",
    "email": "wcool1w@umich.edu",
    "gender": "Female",
    "age": 55,
    "avatar": "http://dummyimage.com/224x100.png/cc0000/ffffff"
  },
  {
    "patient_id": 70,
    "first_name": "Britney",
    "last_name": "Donaway",
    "email": "bdonaway1x@comsenz.com",
    "gender": "Male",
    "age": 58,
    "avatar": "http://dummyimage.com/232x100.png/cc0000/ffffff"
  },
  {
    "patient_id": 71,
    "first_name": "Lyman",
    "last_name": "Greveson",
    "email": "lgreveson1y@usda.gov",
    "gender": "Female",
    "age": 69,
    "avatar": "http://dummyimage.com/236x100.png/dddddd/000000"
  },
  {
    "patient_id": 72,
    "first_name": "Delphine",
    "last_name": "Cowton",
    "email": "dcowton1z@w3.org",
    "gender": "Male",
    "age": 24,
    "avatar": "http://dummyimage.com/159x100.png/5fa2dd/ffffff"
  },
  {
    "patient_id": 73,
    "first_name": "Reade",
    "last_name": "Leighton",
    "email": "rleighton20@go.com",
    "gender": "Male",
    "age": 57,
    "avatar": "http://dummyimage.com/196x100.png/ff4444/ffffff"
  },
  {
    "patient_id": 74,
    "first_name": "Kariotta",
    "last_name": "Ravenscraft",
    "email": "kravenscraft21@mac.com",
    "gender": "Male",
    "age": 68,
    "avatar": "http://dummyimage.com/102x100.png/dddddd/000000"
  },
  {
    "patient_id": 75,
    "first_name": "Perice",
    "last_name": "Orbon",
    "email": "porbon22@yale.edu",
    "gender": "Male",
    "age": 33,
    "avatar": "http://dummyimage.com/239x100.png/ff4444/ffffff"
  },
  {
    "patient_id": 76,
    "first_name": "Tye",
    "last_name": "Danzey",
    "email": "tdanzey23@squidoo.com",
    "gender": "Female",
    "age": 29,
    "avatar": "http://dummyimage.com/117x100.png/cc0000/ffffff"
  },
  {
    "patient_id": 77,
    "first_name": "Willy",
    "last_name": "Lotze",
    "email": "wlotze24@example.com",
    "gender": "Male",
    "age": 18,
    "avatar": "http://dummyimage.com/236x100.png/cc0000/ffffff"
  },
  {
    "patient_id": 78,
    "first_name": "Ezechiel",
    "last_name": "Bellows",
    "email": "ebellows25@netvibes.com",
    "gender": "Male",
    "age": 68,
    "avatar": "http://dummyimage.com/149x100.png/cc0000/ffffff"
  },
  {
    "patient_id": 79,
    "first_name": "Dotti",
    "last_name": "Menis",
    "email": "dmenis26@sitemeter.com",
    "gender": "Male",
    "age": 62,
    "avatar": "http://dummyimage.com/196x100.png/5fa2dd/ffffff"
  },
  {
    "patient_id": 80,
    "first_name": "Lamont",
    "last_name": "Moncrefe",
    "email": "lmoncrefe27@un.org",
    "gender": "Male",
    "age": 66,
    "avatar": "http://dummyimage.com/104x100.png/cc0000/ffffff"
  },
  {
    "patient_id": 81,
    "first_name": "Kellen",
    "last_name": "Gibbeson",
    "email": "kgibbeson28@shinystat.com",
    "gender": "Male",
    "age": 63,
    "avatar": "http://dummyimage.com/114x100.png/ff4444/ffffff"
  },
  {
    "patient_id": 82,
    "first_name": "Yard",
    "last_name": "Jauncey",
    "email": "yjauncey29@xing.com",
    "gender": "Female",
    "age": 40,
    "avatar": "http://dummyimage.com/242x100.png/cc0000/ffffff"
  },
  {
    "patient_id": 83,
    "first_name": "Boot",
    "last_name": "Dunster",
    "email": "bdunster2a@163.com",
    "gender": "Male",
    "age": 56,
    "avatar": "http://dummyimage.com/132x100.png/cc0000/ffffff"
  },
  {
    "patient_id": 84,
    "first_name": "Cyndia",
    "last_name": "Irons",
    "email": "cirons2b@businesswire.com",
    "gender": "Female",
    "age": 39,
    "avatar": "http://dummyimage.com/148x100.png/ff4444/ffffff"
  },
  {
    "patient_id": 85,
    "first_name": "Sigismondo",
    "last_name": "Peche",
    "email": "speche2c@ucla.edu",
    "gender": "Female",
    "age": 69,
    "avatar": "http://dummyimage.com/174x100.png/ff4444/ffffff"
  },
  {
    "patient_id": 86,
    "first_name": "Asher",
    "last_name": "Scotsbrook",
    "email": "ascotsbrook2d@netvibes.com",
    "gender": "Female",
    "age": 67,
    "avatar": "http://dummyimage.com/224x100.png/5fa2dd/ffffff"
  },
  {
    "patient_id": 87,
    "first_name": "Courtnay",
    "last_name": "Klamp",
    "email": "cklamp2e@arstechnica.com",
    "gender": "Male",
    "age": 54,
    "avatar": "http://dummyimage.com/200x100.png/ff4444/ffffff"
  },
  {
    "patient_id": 88,
    "first_name": "Leighton",
    "last_name": "MacMillan",
    "email": "lmacmillan2f@free.fr",
    "gender": "Male",
    "age": 18,
    "avatar": "http://dummyimage.com/110x100.png/cc0000/ffffff"
  },
  {
    "patient_id": 89,
    "first_name": "Briny",
    "last_name": "Verrills",
    "email": "bverrills2g@reference.com",
    "gender": "Female",
    "age": 56,
    "avatar": "http://dummyimage.com/162x100.png/5fa2dd/ffffff"
  },
  {
    "patient_id": 90,
    "first_name": "Brod",
    "last_name": "Thal",
    "email": "bthal2h@google.fr",
    "gender": "Male",
    "age": 25,
    "avatar": "http://dummyimage.com/112x100.png/dddddd/000000"
  },
  {
    "patient_id": 91,
    "first_name": "Itch",
    "last_name": "Normanell",
    "email": "inormanell2i@slideshare.net",
    "gender": "Female",
    "age": 64,
    "avatar": "http://dummyimage.com/231x100.png/cc0000/ffffff"
  },
  {
    "patient_id": 92,
    "first_name": "Vicki",
    "last_name": "McGeffen",
    "email": "vmcgeffen2j@telegraph.co.uk",
    "gender": "Male",
    "age": 69,
    "avatar": "http://dummyimage.com/185x100.png/dddddd/000000"
  },
  {
    "patient_id": 93,
    "first_name": "Bo",
    "last_name": "Ewins",
    "email": "bewins2k@washington.edu",
    "gender": "Male",
    "age": 39,
    "avatar": "http://dummyimage.com/239x100.png/5fa2dd/ffffff"
  },
  {
    "patient_id": 94,
    "first_name": "Truda",
    "last_name": "Vasyukhichev",
    "email": "tvasyukhichev2l@businesswire.com",
    "gender": "Male",
    "age": 56,
    "avatar": "http://dummyimage.com/219x100.png/ff4444/ffffff"
  },
  {
    "patient_id": 95,
    "first_name": "Aubine",
    "last_name": "Stihl",
    "email": "astihl2m@is.gd",
    "gender": "Male",
    "age": 68,
    "avatar": "http://dummyimage.com/118x100.png/cc0000/ffffff"
  },
  {
    "patient_id": 96,
    "first_name": "Starlene",
    "last_name": "Hundley",
    "email": "shundley2n@reverbnation.com",
    "gender": "Female",
    "age": 40,
    "avatar": "http://dummyimage.com/157x100.png/cc0000/ffffff"
  },
  {
    "patient_id": 97,
    "first_name": "Josee",
    "last_name": "Yeaman",
    "email": "jyeaman2o@google.de",
    "gender": "Male",
    "age": 57,
    "avatar": "http://dummyimage.com/201x100.png/cc0000/ffffff"
  },
  {
    "patient_id": 98,
    "first_name": "Julie",
    "last_name": "Laugier",
    "email": "jlaugier2p@earthlink.net",
    "gender": "Female",
    "age": 67,
    "avatar": "http://dummyimage.com/114x100.png/5fa2dd/ffffff"
  },
  {
    "patient_id": 99,
    "first_name": "Delia",
    "last_name": "Bartolini",
    "email": "dbartolini2q@clickbank.net",
    "gender": "Female",
    "age": 51,
    "avatar": "http://dummyimage.com/217x100.png/5fa2dd/ffffff"
  },
  {
    "patient_id": 100,
    "first_name": "Burnaby",
    "last_name": "Wigmore",
    "email": "bwigmore2r@google.it",
    "gender": "Female",
    "age": 20,
    "avatar": "http://dummyimage.com/235x100.png/dddddd/000000"
  },
  {
    "patient_id": 101,
    "first_name": "Hazlett",
    "last_name": "Bauduin",
    "email": "hbauduin2s@go.com",
    "gender": "Female",
    "age": 44,
    "avatar": "http://dummyimage.com/143x100.png/ff4444/ffffff"
  },
  {
    "patient_id": 102,
    "first_name": "Judith",
    "last_name": "Biesty",
    "email": "jbiesty2t@bloglovin.com",
    "gender": "Male",
    "age": 20,
    "avatar": "http://dummyimage.com/186x100.png/5fa2dd/ffffff"
  },
  {
    "patient_id": 103,
    "first_name": "Reggie",
    "last_name": "Arnholz",
    "email": "rarnholz2u@abc.net.au",
    "gender": "Female",
    "age": 46,
    "avatar": "http://dummyimage.com/100x100.png/dddddd/000000"
  },
  {
    "patient_id": 104,
    "first_name": "Addison",
    "last_name": "Landy",
    "email": "alandy2v@tumblr.com",
    "gender": "Male",
    "age": 33,
    "avatar": "http://dummyimage.com/207x100.png/dddddd/000000"
  },
  {
    "patient_id": 105,
    "first_name": "Lyndell",
    "last_name": "Harley",
    "email": "lharley2w@zdnet.com",
    "gender": "Male",
    "age": 54,
    "avatar": "http://dummyimage.com/105x100.png/ff4444/ffffff"
  },
  {
    "patient_id": 106,
    "first_name": "Jenn",
    "last_name": "Franca",
    "email": "jfranca2x@weibo.com",
    "gender": "Male",
    "age": 48,
    "avatar": "http://dummyimage.com/235x100.png/5fa2dd/ffffff"
  },
  {
    "patient_id": 107,
    "first_name": "Clarabelle",
    "last_name": "Phette",
    "email": "cphette2y@purevolume.com",
    "gender": "Female",
    "age": 53,
    "avatar": "http://dummyimage.com/208x100.png/dddddd/000000"
  },
  {
    "patient_id": 108,
    "first_name": "Vilhelmina",
    "last_name": "Shanks",
    "email": "vshanks2z@artisteer.com",
    "gender": "Male",
    "age": 41,
    "avatar": "http://dummyimage.com/229x100.png/ff4444/ffffff"
  },
  {
    "patient_id": 109,
    "first_name": "Welbie",
    "last_name": "Wicks",
    "email": "wwicks30@gravatar.com",
    "gender": "Male",
    "age": 47,
    "avatar": "http://dummyimage.com/106x100.png/dddddd/000000"
  },
  {
    "patient_id": 110,
    "first_name": "Merrel",
    "last_name": "Rusk",
    "email": "mrusk31@springer.com",
    "gender": "Female",
    "age": 34,
    "avatar": "http://dummyimage.com/144x100.png/5fa2dd/ffffff"
  },
  {
    "patient_id": 111,
    "first_name": "Lilia",
    "last_name": "Matteris",
    "email": "lmatteris32@creativecommons.org",
    "gender": "Female",
    "age": 61,
    "avatar": "http://dummyimage.com/139x100.png/5fa2dd/ffffff"
  },
  {
    "patient_id": 112,
    "first_name": "Ava",
    "last_name": "Barbisch",
    "email": "abarbisch33@imageshack.us",
    "gender": "Female",
    "age": 59,
    "avatar": "http://dummyimage.com/178x100.png/ff4444/ffffff"
  },
  {
    "patient_id": 113,
    "first_name": "Don",
    "last_name": "Drohane",
    "email": "ddrohane34@slideshare.net",
    "gender": "Male",
    "age": 66,
    "avatar": "http://dummyimage.com/121x100.png/dddddd/000000"
  },
  {
    "patient_id": 114,
    "first_name": "Imojean",
    "last_name": "Devigne",
    "email": "idevigne35@taobao.com",
    "gender": "Male",
    "age": 45,
    "avatar": "http://dummyimage.com/192x100.png/5fa2dd/ffffff"
  },
  {
    "patient_id": 115,
    "first_name": "Byron",
    "last_name": "Beardwood",
    "email": "bbeardwood36@mozilla.com",
    "gender": "Female",
    "age": 59,
    "avatar": "http://dummyimage.com/193x100.png/5fa2dd/ffffff"
  },
  {
    "patient_id": 116,
    "first_name": "Clair",
    "last_name": "Castellanos",
    "email": "ccastellanos37@clickbank.net",
    "gender": "Female",
    "age": 63,
    "avatar": "http://dummyimage.com/139x100.png/ff4444/ffffff"
  },
  {
    "patient_id": 117,
    "first_name": "Carol-jean",
    "last_name": "Hamper",
    "email": "champer38@fema.gov",
    "gender": "Male",
    "age": 22,
    "avatar": "http://dummyimage.com/157x100.png/5fa2dd/ffffff"
  },
  {
    "patient_id": 118,
    "first_name": "Camile",
    "last_name": "Klezmski",
    "email": "cklezmski39@wordpress.org",
    "gender": "Male",
    "age": 37,
    "avatar": "http://dummyimage.com/102x100.png/dddddd/000000"
  },
  {
    "patient_id": 119,
    "first_name": "Kristine",
    "last_name": "Pawelke",
    "email": "kpawelke3a@sbwire.com",
    "gender": "Male",
    "age": 70,
    "avatar": "http://dummyimage.com/180x100.png/ff4444/ffffff"
  },
  {
    "patient_id": 120,
    "first_name": "Bryn",
    "last_name": "Flamank",
    "email": "bflamank3b@baidu.com",
    "gender": "Female",
    "age": 28,
    "avatar": "http://dummyimage.com/130x100.png/cc0000/ffffff"
  },
  {
    "patient_id": 121,
    "first_name": "Dietrich",
    "last_name": "Beyn",
    "email": "dbeyn3c@who.int",
    "gender": "Female",
    "age": 22,
    "avatar": "http://dummyimage.com/128x100.png/dddddd/000000"
  },
  {
    "patient_id": 122,
    "first_name": "Cindi",
    "last_name": "Tilson",
    "email": "ctilson3d@chicagotribune.com",
    "gender": "Female",
    "age": 66,
    "avatar": "http://dummyimage.com/189x100.png/cc0000/ffffff"
  },
  {
    "patient_id": 123,
    "first_name": "Tonye",
    "last_name": "Dallas",
    "email": "tdallas3e@geocities.com",
    "gender": "Female",
    "age": 37,
    "avatar": "http://dummyimage.com/119x100.png/cc0000/ffffff"
  },
  {
    "patient_id": 124,
    "first_name": "Sindee",
    "last_name": "Raitt",
    "email": "sraitt3f@cocolog-nifty.com",
    "gender": "Male",
    "age": 26,
    "avatar": "http://dummyimage.com/191x100.png/dddddd/000000"
  },
  {
    "patient_id": 125,
    "first_name": "Annelise",
    "last_name": "Bocken",
    "email": "abocken3g@ucoz.com",
    "gender": "Female",
    "age": 59,
    "avatar": "http://dummyimage.com/176x100.png/ff4444/ffffff"
  },
  {
    "patient_id": 126,
    "first_name": "Ennis",
    "last_name": "Bredbury",
    "email": "ebredbury3h@senate.gov",
    "gender": "Female",
    "age": 63,
    "avatar": "http://dummyimage.com/104x100.png/cc0000/ffffff"
  },
  {
    "patient_id": 127,
    "first_name": "Felecia",
    "last_name": "Whitwood",
    "email": "fwhitwood3i@jiathis.com",
    "gender": "Male",
    "age": 65,
    "avatar": "http://dummyimage.com/215x100.png/dddddd/000000"
  },
  {
    "patient_id": 128,
    "first_name": "Cody",
    "last_name": "Randles",
    "email": "crandles3j@joomla.org",
    "gender": "Female",
    "age": 70,
    "avatar": "http://dummyimage.com/217x100.png/ff4444/ffffff"
  },
  {
    "patient_id": 129,
    "first_name": "Ximenez",
    "last_name": "Darnody",
    "email": "xdarnody3k@tripod.com",
    "gender": "Female",
    "age": 41,
    "avatar": "http://dummyimage.com/163x100.png/cc0000/ffffff"
  },
  {
    "patient_id": 130,
    "first_name": "Bevin",
    "last_name": "Liversage",
    "email": "bliversage3l@irs.gov",
    "gender": "Female",
    "age": 51,
    "avatar": "http://dummyimage.com/249x100.png/dddddd/000000"
  },
  {
    "patient_id": 131,
    "first_name": "Courtney",
    "last_name": "Gonnin",
    "email": "cgonnin3m@blogger.com",
    "gender": "Female",
    "age": 25,
    "avatar": "http://dummyimage.com/111x100.png/ff4444/ffffff"
  },
  {
    "patient_id": 132,
    "first_name": "Garwood",
    "last_name": "Shale",
    "email": "gshale3n@oaic.gov.au",
    "gender": "Female",
    "age": 48,
    "avatar": "http://dummyimage.com/115x100.png/cc0000/ffffff"
  },
  {
    "patient_id": 133,
    "first_name": "Maurene",
    "last_name": "Roskams",
    "email": "mroskams3o@jimdo.com",
    "gender": "Male",
    "age": 41,
    "avatar": "http://dummyimage.com/104x100.png/dddddd/000000"
  },
  {
    "patient_id": 134,
    "first_name": "Frances",
    "last_name": "Cromblehome",
    "email": "fcromblehome3p@businesswire.com",
    "gender": "Male",
    "age": 57,
    "avatar": "http://dummyimage.com/126x100.png/cc0000/ffffff"
  },
  {
    "patient_id": 135,
    "first_name": "Melisse",
    "last_name": "Ruse",
    "email": "mruse3q@eepurl.com",
    "gender": "Male",
    "age": 26,
    "avatar": "http://dummyimage.com/189x100.png/ff4444/ffffff"
  },
  {
    "patient_id": 136,
    "first_name": "Olwen",
    "last_name": "Butts",
    "email": "obutts3r@springer.com",
    "gender": "Female",
    "age": 58,
    "avatar": "http://dummyimage.com/201x100.png/ff4444/ffffff"
  },
  {
    "patient_id": 137,
    "first_name": "Christos",
    "last_name": "Casillis",
    "email": "ccasillis3s@google.es",
    "gender": "Male",
    "age": 69,
    "avatar": "http://dummyimage.com/210x100.png/ff4444/ffffff"
  },
  {
    "patient_id": 138,
    "first_name": "Wang",
    "last_name": "Rimbault",
    "email": "wrimbault3t@census.gov",
    "gender": "Female",
    "age": 48,
    "avatar": "http://dummyimage.com/242x100.png/5fa2dd/ffffff"
  },
  {
    "patient_id": 139,
    "first_name": "Ursula",
    "last_name": "Wodeland",
    "email": "uwodeland3u@storify.com",
    "gender": "Female",
    "age": 35,
    "avatar": "http://dummyimage.com/197x100.png/dddddd/000000"
  },
  {
    "patient_id": 140,
    "first_name": "Rad",
    "last_name": "MacCart",
    "email": "rmaccart3v@umn.edu",
    "gender": "Male",
    "age": 70,
    "avatar": "http://dummyimage.com/152x100.png/dddddd/000000"
  },
  {
    "patient_id": 141,
    "first_name": "Hillie",
    "last_name": "Brimicombe",
    "email": "hbrimicombe3w@mozilla.com",
    "gender": "Male",
    "age": 34,
    "avatar": "http://dummyimage.com/164x100.png/dddddd/000000"
  },
  {
    "patient_id": 142,
    "first_name": "Eliot",
    "last_name": "Vitet",
    "email": "evitet3x@blogs.com",
    "gender": "Male",
    "age": 25,
    "avatar": "http://dummyimage.com/240x100.png/dddddd/000000"
  },
  {
    "patient_id": 143,
    "first_name": "Steven",
    "last_name": "Danick",
    "email": "sdanick3y@ibm.com",
    "gender": "Male",
    "age": 62,
    "avatar": "http://dummyimage.com/105x100.png/dddddd/000000"
  },
  {
    "patient_id": 144,
    "first_name": "Ade",
    "last_name": "Skittle",
    "email": "askittle3z@skyrock.com",
    "gender": "Male",
    "age": 28,
    "avatar": "http://dummyimage.com/109x100.png/dddddd/000000"
  },
  {
    "patient_id": 145,
    "first_name": "Lane",
    "last_name": "Barmadier",
    "email": "lbarmadier40@sciencedaily.com",
    "gender": "Female",
    "age": 55,
    "avatar": "http://dummyimage.com/144x100.png/ff4444/ffffff"
  },
  {
    "patient_id": 146,
    "first_name": "Puff",
    "last_name": "Spellecy",
    "email": "pspellecy41@desdev.cn",
    "gender": "Male",
    "age": 38,
    "avatar": "http://dummyimage.com/187x100.png/cc0000/ffffff"
  },
  {
    "patient_id": 147,
    "first_name": "Wyatt",
    "last_name": "Newbigging",
    "email": "wnewbigging42@mail.ru",
    "gender": "Female",
    "age": 37,
    "avatar": "http://dummyimage.com/220x100.png/5fa2dd/ffffff"
  },
  {
    "patient_id": 148,
    "first_name": "Ki",
    "last_name": "Sabathe",
    "email": "ksabathe43@wunderground.com",
    "gender": "Male",
    "age": 29,
    "avatar": "http://dummyimage.com/172x100.png/5fa2dd/ffffff"
  },
  {
    "patient_id": 149,
    "first_name": "Haley",
    "last_name": "Scrammage",
    "email": "hscrammage44@hexun.com",
    "gender": "Female",
    "age": 19,
    "avatar": "http://dummyimage.com/148x100.png/ff4444/ffffff"
  },
  {
    "patient_id": 150,
    "first_name": "Roman",
    "last_name": "Pelman",
    "email": "rpelman45@salon.com",
    "gender": "Male",
    "age": 35,
    "avatar": "http://dummyimage.com/122x100.png/ff4444/ffffff"
  },
  {
    "patient_id": 151,
    "first_name": "Dorene",
    "last_name": "Edghinn",
    "email": "dedghinn46@usa.gov",
    "gender": "Female",
    "age": 31,
    "avatar": "http://dummyimage.com/130x100.png/5fa2dd/ffffff"
  },
  {
    "patient_id": 152,
    "first_name": "Adolphe",
    "last_name": "Ecclesall",
    "email": "aecclesall47@miitbeian.gov.cn",
    "gender": "Male",
    "age": 61,
    "avatar": "http://dummyimage.com/245x100.png/ff4444/ffffff"
  },
  {
    "patient_id": 153,
    "first_name": "Glenna",
    "last_name": "Sarle",
    "email": "gsarle48@irs.gov",
    "gender": "Female",
    "age": 21,
    "avatar": "http://dummyimage.com/231x100.png/5fa2dd/ffffff"
  },
  {
    "patient_id": 154,
    "first_name": "Osborn",
    "last_name": "Ebbins",
    "email": "oebbins49@rakuten.co.jp",
    "gender": "Male",
    "age": 67,
    "avatar": "http://dummyimage.com/182x100.png/ff4444/ffffff"
  },
  {
    "patient_id": 155,
    "first_name": "Yolande",
    "last_name": "Reschke",
    "email": "yreschke4a@gov.uk",
    "gender": "Male",
    "age": 31,
    "avatar": "http://dummyimage.com/123x100.png/ff4444/ffffff"
  },
  {
    "patient_id": 156,
    "first_name": "Garvey",
    "last_name": "Bradmore",
    "email": "gbradmore4b@soundcloud.com",
    "gender": "Female",
    "age": 56,
    "avatar": "http://dummyimage.com/160x100.png/5fa2dd/ffffff"
  },
  {
    "patient_id": 157,
    "first_name": "Lana",
    "last_name": "Praundl",
    "email": "lpraundl4c@theatlantic.com",
    "gender": "Male",
    "age": 50,
    "avatar": "http://dummyimage.com/117x100.png/dddddd/000000"
  },
  {
    "patient_id": 158,
    "first_name": "Margy",
    "last_name": "Muat",
    "email": "mmuat4d@google.co.uk",
    "gender": "Male",
    "age": 51,
    "avatar": "http://dummyimage.com/176x100.png/5fa2dd/ffffff"
  },
  {
    "patient_id": 159,
    "first_name": "Christos",
    "last_name": "Esom",
    "email": "cesom4e@mapy.cz",
    "gender": "Female",
    "age": 61,
    "avatar": "http://dummyimage.com/154x100.png/ff4444/ffffff"
  },
  {
    "patient_id": 160,
    "first_name": "Nicki",
    "last_name": "Bennison",
    "email": "nbennison4f@webs.com",
    "gender": "Male",
    "age": 47,
    "avatar": "http://dummyimage.com/231x100.png/5fa2dd/ffffff"
  },
  {
    "patient_id": 161,
    "first_name": "Hamid",
    "last_name": "Olenichev",
    "email": "holenichev4g@moonfruit.com",
    "gender": "Male",
    "age": 41,
    "avatar": "http://dummyimage.com/227x100.png/ff4444/ffffff"
  },
  {
    "patient_id": 162,
    "first_name": "Nicolette",
    "last_name": "Aris",
    "email": "naris4h@woothemes.com",
    "gender": "Female",
    "age": 63,
    "avatar": "http://dummyimage.com/165x100.png/ff4444/ffffff"
  },
  {
    "patient_id": 163,
    "first_name": "Jonie",
    "last_name": "Newns",
    "email": "jnewns4i@cloudflare.com",
    "gender": "Male",
    "age": 39,
    "avatar": "http://dummyimage.com/232x100.png/cc0000/ffffff"
  },
  {
    "patient_id": 164,
    "first_name": "Kariotta",
    "last_name": "Dumingos",
    "email": "kdumingos4j@xinhuanet.com",
    "gender": "Female",
    "age": 28,
    "avatar": "http://dummyimage.com/125x100.png/dddddd/000000"
  },
  {
    "patient_id": 165,
    "first_name": "Hagen",
    "last_name": "Cordey",
    "email": "hcordey4k@mediafire.com",
    "gender": "Female",
    "age": 27,
    "avatar": "http://dummyimage.com/248x100.png/cc0000/ffffff"
  },
  {
    "patient_id": 166,
    "first_name": "Paton",
    "last_name": "Gavaran",
    "email": "pgavaran4l@mapquest.com",
    "gender": "Male",
    "age": 28,
    "avatar": "http://dummyimage.com/106x100.png/ff4444/ffffff"
  },
  {
    "patient_id": 167,
    "first_name": "Simone",
    "last_name": "Rought",
    "email": "srought4m@amazonaws.com",
    "gender": "Female",
    "age": 68,
    "avatar": "http://dummyimage.com/180x100.png/cc0000/ffffff"
  },
  {
    "patient_id": 168,
    "first_name": "Adina",
    "last_name": "Quainton",
    "email": "aquainton4n@nasa.gov",
    "gender": "Male",
    "age": 63,
    "avatar": "http://dummyimage.com/175x100.png/dddddd/000000"
  },
  {
    "patient_id": 169,
    "first_name": "Barbette",
    "last_name": "Mizen",
    "email": "bmizen4o@canalblog.com",
    "gender": "Male",
    "age": 44,
    "avatar": "http://dummyimage.com/207x100.png/ff4444/ffffff"
  },
  {
    "patient_id": 170,
    "first_name": "Rowen",
    "last_name": "Bompass",
    "email": "rbompass4p@jigsy.com",
    "gender": "Female",
    "age": 52,
    "avatar": "http://dummyimage.com/193x100.png/ff4444/ffffff"
  },
  {
    "patient_id": 171,
    "first_name": "Hyacintha",
    "last_name": "Ughini",
    "email": "hughini4q@bravesites.com",
    "gender": "Male",
    "age": 27,
    "avatar": "http://dummyimage.com/160x100.png/5fa2dd/ffffff"
  },
  {
    "patient_id": 172,
    "first_name": "Gregory",
    "last_name": "Stearn",
    "email": "gstearn4r@google.co.jp",
    "gender": "Female",
    "age": 63,
    "avatar": "http://dummyimage.com/209x100.png/5fa2dd/ffffff"
  },
  {
    "patient_id": 173,
    "first_name": "Renate",
    "last_name": "Clarricoates",
    "email": "rclarricoates4s@who.int",
    "gender": "Female",
    "age": 69,
    "avatar": "http://dummyimage.com/166x100.png/ff4444/ffffff"
  },
  {
    "patient_id": 174,
    "first_name": "Sarene",
    "last_name": "Andretti",
    "email": "sandretti4t@blinklist.com",
    "gender": "Male",
    "age": 25,
    "avatar": "http://dummyimage.com/157x100.png/cc0000/ffffff"
  },
  {
    "patient_id": 175,
    "first_name": "Collette",
    "last_name": "Annetts",
    "email": "cannetts4u@parallels.com",
    "gender": "Female",
    "age": 52,
    "avatar": "http://dummyimage.com/217x100.png/dddddd/000000"
  },
  {
    "patient_id": 176,
    "first_name": "Amargo",
    "last_name": "Huebner",
    "email": "ahuebner4v@ucla.edu",
    "gender": "Female",
    "age": 18,
    "avatar": "http://dummyimage.com/234x100.png/ff4444/ffffff"
  },
  {
    "patient_id": 177,
    "first_name": "Laurene",
    "last_name": "Ausiello",
    "email": "lausiello4w@redcross.org",
    "gender": "Male",
    "age": 34,
    "avatar": "http://dummyimage.com/198x100.png/cc0000/ffffff"
  },
  {
    "patient_id": 178,
    "first_name": "Lay",
    "last_name": "Rupke",
    "email": "lrupke4x@sciencedirect.com",
    "gender": "Female",
    "age": 33,
    "avatar": "http://dummyimage.com/224x100.png/5fa2dd/ffffff"
  },
  {
    "patient_id": 179,
    "first_name": "Milicent",
    "last_name": "Massimi",
    "email": "mmassimi4y@utexas.edu",
    "gender": "Male",
    "age": 18,
    "avatar": "http://dummyimage.com/208x100.png/5fa2dd/ffffff"
  },
  {
    "patient_id": 180,
    "first_name": "Rivkah",
    "last_name": "Cheng",
    "email": "rcheng4z@sfgate.com",
    "gender": "Male",
    "age": 29,
    "avatar": "http://dummyimage.com/130x100.png/cc0000/ffffff"
  },
  {
    "patient_id": 181,
    "first_name": "Lennard",
    "last_name": "Christon",
    "email": "lchriston50@meetup.com",
    "gender": "Male",
    "age": 35,
    "avatar": "http://dummyimage.com/136x100.png/5fa2dd/ffffff"
  },
  {
    "patient_id": 182,
    "first_name": "Mathilde",
    "last_name": "Belin",
    "email": "mbelin51@stumbleupon.com",
    "gender": "Male",
    "age": 24,
    "avatar": "http://dummyimage.com/227x100.png/5fa2dd/ffffff"
  },
  {
    "patient_id": 183,
    "first_name": "Fraser",
    "last_name": "MacCoughan",
    "email": "fmaccoughan52@slate.com",
    "gender": "Female",
    "age": 50,
    "avatar": "http://dummyimage.com/119x100.png/dddddd/000000"
  },
  {
    "patient_id": 184,
    "first_name": "Biddie",
    "last_name": "Dugall",
    "email": "bdugall53@imdb.com",
    "gender": "Female",
    "age": 54,
    "avatar": "http://dummyimage.com/130x100.png/dddddd/000000"
  },
  {
    "patient_id": 185,
    "first_name": "Rodolph",
    "last_name": "Samweyes",
    "email": "rsamweyes54@redcross.org",
    "gender": "Male",
    "age": 52,
    "avatar": "http://dummyimage.com/127x100.png/dddddd/000000"
  },
  {
    "patient_id": 186,
    "first_name": "Glori",
    "last_name": "Ortega",
    "email": "gortega55@umich.edu",
    "gender": "Male",
    "age": 52,
    "avatar": "http://dummyimage.com/202x100.png/cc0000/ffffff"
  },
  {
    "patient_id": 187,
    "first_name": "Wash",
    "last_name": "Isacke",
    "email": "wisacke56@imgur.com",
    "gender": "Female",
    "age": 32,
    "avatar": "http://dummyimage.com/221x100.png/dddddd/000000"
  },
  {
    "patient_id": 188,
    "first_name": "Dan",
    "last_name": "Antowski",
    "email": "dantowski57@symantec.com",
    "gender": "Female",
    "age": 22,
    "avatar": "http://dummyimage.com/167x100.png/dddddd/000000"
  },
  {
    "patient_id": 189,
    "first_name": "Kessia",
    "last_name": "Capelle",
    "email": "kcapelle58@acquirethisname.com",
    "gender": "Female",
    "age": 67,
    "avatar": "http://dummyimage.com/104x100.png/ff4444/ffffff"
  },
  {
    "patient_id": 190,
    "first_name": "Reinald",
    "last_name": "Daens",
    "email": "rdaens59@cpanel.net",
    "gender": "Male",
    "age": 19,
    "avatar": "http://dummyimage.com/140x100.png/5fa2dd/ffffff"
  },
  {
    "patient_id": 191,
    "first_name": "Shawna",
    "last_name": "Gowthrop",
    "email": "sgowthrop5a@hud.gov",
    "gender": "Male",
    "age": 43,
    "avatar": "http://dummyimage.com/118x100.png/dddddd/000000"
  },
  {
    "patient_id": 192,
    "first_name": "Clary",
    "last_name": "Ahearne",
    "email": "cahearne5b@tamu.edu",
    "gender": "Male",
    "age": 41,
    "avatar": "http://dummyimage.com/247x100.png/dddddd/000000"
  },
  {
    "patient_id": 193,
    "first_name": "Read",
    "last_name": "Le febre",
    "email": "rlefebre5c@slashdot.org",
    "gender": "Male",
    "age": 40,
    "avatar": "http://dummyimage.com/122x100.png/ff4444/ffffff"
  },
  {
    "patient_id": 194,
    "first_name": "Ruddie",
    "last_name": "Conew",
    "email": "rconew5d@free.fr",
    "gender": "Male",
    "age": 43,
    "avatar": "http://dummyimage.com/162x100.png/cc0000/ffffff"
  },
  {
    "patient_id": 195,
    "first_name": "Russ",
    "last_name": "Truett",
    "email": "rtruett5e@1688.com",
    "gender": "Male",
    "age": 53,
    "avatar": "http://dummyimage.com/156x100.png/cc0000/ffffff"
  },
  {
    "patient_id": 196,
    "first_name": "Bernie",
    "last_name": "Winslett",
    "email": "bwinslett5f@dailymotion.com",
    "gender": "Male",
    "age": 25,
    "avatar": "http://dummyimage.com/177x100.png/5fa2dd/ffffff"
  },
  {
    "patient_id": 197,
    "first_name": "Geno",
    "last_name": "Bugbee",
    "email": "gbugbee5g@intel.com",
    "gender": "Female",
    "age": 63,
    "avatar": "http://dummyimage.com/171x100.png/dddddd/000000"
  },
  {
    "patient_id": 198,
    "first_name": "Lyell",
    "last_name": "Leadley",
    "email": "lleadley5h@github.io",
    "gender": "Female",
    "age": 22,
    "avatar": "http://dummyimage.com/134x100.png/5fa2dd/ffffff"
  },
  {
    "patient_id": 199,
    "first_name": "Roderich",
    "last_name": "Beacock",
    "email": "rbeacock5i@istockphoto.com",
    "gender": "Male",
    "age": 45,
    "avatar": "http://dummyimage.com/109x100.png/cc0000/ffffff"
  },
  {
    "patient_id": 200,
    "first_name": "Vonnie",
    "last_name": "Heelis",
    "email": "vheelis5j@ebay.co.uk",
    "gender": "Male",
    "age": 66,
    "avatar": "http://dummyimage.com/112x100.png/cc0000/ffffff"
  },
  {
    "patient_id": 201,
    "first_name": "Nesta",
    "last_name": "Girkins",
    "email": "ngirkins5k@usda.gov",
    "gender": "Female",
    "age": 32,
    "avatar": "http://dummyimage.com/244x100.png/dddddd/000000"
  },
  {
    "patient_id": 202,
    "first_name": "Annelise",
    "last_name": "Wolfendell",
    "email": "awolfendell5l@msu.edu",
    "gender": "Male",
    "age": 66,
    "avatar": "http://dummyimage.com/249x100.png/dddddd/000000"
  },
  {
    "patient_id": 203,
    "first_name": "Mari",
    "last_name": "Zumbusch",
    "email": "mzumbusch5m@joomla.org",
    "gender": "Female",
    "age": 42,
    "avatar": "http://dummyimage.com/128x100.png/5fa2dd/ffffff"
  },
  {
    "patient_id": 204,
    "first_name": "Jaquenette",
    "last_name": "Gogerty",
    "email": "jgogerty5n@addtoany.com",
    "gender": "Male",
    "age": 33,
    "avatar": "http://dummyimage.com/222x100.png/cc0000/ffffff"
  },
  {
    "patient_id": 205,
    "first_name": "Saxe",
    "last_name": "Sheere",
    "email": "ssheere5o@zdnet.com",
    "gender": "Male",
    "age": 28,
    "avatar": "http://dummyimage.com/196x100.png/5fa2dd/ffffff"
  },
  {
    "patient_id": 206,
    "first_name": "Kahlil",
    "last_name": "Iacovone",
    "email": "kiacovone5p@cbslocal.com",
    "gender": "Female",
    "age": 63,
    "avatar": "http://dummyimage.com/211x100.png/ff4444/ffffff"
  },
  {
    "patient_id": 207,
    "first_name": "Ainslee",
    "last_name": "Jennins",
    "email": "ajennins5q@reddit.com",
    "gender": "Female",
    "age": 20,
    "avatar": "http://dummyimage.com/225x100.png/cc0000/ffffff"
  },
  {
    "patient_id": 208,
    "first_name": "Drucill",
    "last_name": "Harrold",
    "email": "dharrold5r@cafepress.com",
    "gender": "Male",
    "age": 35,
    "avatar": "http://dummyimage.com/107x100.png/5fa2dd/ffffff"
  },
  {
    "patient_id": 209,
    "first_name": "Shannon",
    "last_name": "Grinval",
    "email": "sgrinval5s@simplemachines.org",
    "gender": "Male",
    "age": 32,
    "avatar": "http://dummyimage.com/138x100.png/cc0000/ffffff"
  },
  {
    "patient_id": 210,
    "first_name": "Decca",
    "last_name": "Wykey",
    "email": "dwykey5t@businessinsider.com",
    "gender": "Female",
    "age": 63,
    "avatar": "http://dummyimage.com/122x100.png/cc0000/ffffff"
  },
  {
    "patient_id": 211,
    "first_name": "Tabbatha",
    "last_name": "Skellion",
    "email": "tskellion5u@cam.ac.uk",
    "gender": "Male",
    "age": 18,
    "avatar": "http://dummyimage.com/216x100.png/5fa2dd/ffffff"
  },
  {
    "patient_id": 212,
    "first_name": "Starlin",
    "last_name": "Sibbert",
    "email": "ssibbert5v@infoseek.co.jp",
    "gender": "Male",
    "age": 30,
    "avatar": "http://dummyimage.com/250x100.png/dddddd/000000"
  },
  {
    "patient_id": 213,
    "first_name": "Loraine",
    "last_name": "Maine",
    "email": "lmaine5w@discuz.net",
    "gender": "Male",
    "age": 67,
    "avatar": "http://dummyimage.com/237x100.png/cc0000/ffffff"
  },
  {
    "patient_id": 214,
    "first_name": "Ami",
    "last_name": "McGovern",
    "email": "amcgovern5x@ftc.gov",
    "gender": "Female",
    "age": 30,
    "avatar": "http://dummyimage.com/115x100.png/cc0000/ffffff"
  },
  {
    "patient_id": 215,
    "first_name": "Nathanil",
    "last_name": "Elham",
    "email": "nelham5y@indiegogo.com",
    "gender": "Female",
    "age": 18,
    "avatar": "http://dummyimage.com/192x100.png/ff4444/ffffff"
  },
  {
    "patient_id": 216,
    "first_name": "Robin",
    "last_name": "Desouza",
    "email": "rdesouza5z@globo.com",
    "gender": "Female",
    "age": 25,
    "avatar": "http://dummyimage.com/121x100.png/5fa2dd/ffffff"
  },
  {
    "patient_id": 217,
    "first_name": "Mathew",
    "last_name": "Pawden",
    "email": "mpawden60@usatoday.com",
    "gender": "Female",
    "age": 52,
    "avatar": "http://dummyimage.com/213x100.png/5fa2dd/ffffff"
  },
  {
    "patient_id": 218,
    "first_name": "Ag",
    "last_name": "Woodhall",
    "email": "awoodhall61@360.cn",
    "gender": "Male",
    "age": 45,
    "avatar": "http://dummyimage.com/212x100.png/cc0000/ffffff"
  },
  {
    "patient_id": 219,
    "first_name": "Clarie",
    "last_name": "Duthie",
    "email": "cduthie62@goodreads.com",
    "gender": "Male",
    "age": 61,
    "avatar": "http://dummyimage.com/159x100.png/dddddd/000000"
  },
  {
    "patient_id": 220,
    "first_name": "Rhys",
    "last_name": "Marquess",
    "email": "rmarquess63@ca.gov",
    "gender": "Female",
    "age": 47,
    "avatar": "http://dummyimage.com/126x100.png/5fa2dd/ffffff"
  },
  {
    "patient_id": 221,
    "first_name": "Jeffie",
    "last_name": "Middlehurst",
    "email": "jmiddlehurst64@elegantthemes.com",
    "gender": "Male",
    "age": 39,
    "avatar": "http://dummyimage.com/230x100.png/5fa2dd/ffffff"
  },
  {
    "patient_id": 222,
    "first_name": "Erina",
    "last_name": "Lankester",
    "email": "elankester65@elpais.com",
    "gender": "Female",
    "age": 41,
    "avatar": "http://dummyimage.com/230x100.png/dddddd/000000"
  },
  {
    "patient_id": 223,
    "first_name": "Dorry",
    "last_name": "Tutchings",
    "email": "dtutchings66@etsy.com",
    "gender": "Female",
    "age": 52,
    "avatar": "http://dummyimage.com/127x100.png/dddddd/000000"
  },
  {
    "patient_id": 224,
    "first_name": "Ceciley",
    "last_name": "Crick",
    "email": "ccrick67@dot.gov",
    "gender": "Male",
    "age": 19,
    "avatar": "http://dummyimage.com/156x100.png/ff4444/ffffff"
  },
  {
    "patient_id": 225,
    "first_name": "Karoly",
    "last_name": "Lockyer",
    "email": "klockyer68@mysql.com",
    "gender": "Male",
    "age": 34,
    "avatar": "http://dummyimage.com/122x100.png/cc0000/ffffff"
  },
  {
    "patient_id": 226,
    "first_name": "Minna",
    "last_name": "Gianelli",
    "email": "mgianelli69@google.de",
    "gender": "Male",
    "age": 34,
    "avatar": "http://dummyimage.com/171x100.png/5fa2dd/ffffff"
  },
  {
    "patient_id": 227,
    "first_name": "Cherin",
    "last_name": "Gard",
    "email": "cgard6a@goodreads.com",
    "gender": "Male",
    "age": 33,
    "avatar": "http://dummyimage.com/185x100.png/dddddd/000000"
  },
  {
    "patient_id": 228,
    "first_name": "Rowney",
    "last_name": "Kingdom",
    "email": "rkingdom6b@boston.com",
    "gender": "Male",
    "age": 26,
    "avatar": "http://dummyimage.com/134x100.png/dddddd/000000"
  },
  {
    "patient_id": 229,
    "first_name": "Julietta",
    "last_name": "Djokic",
    "email": "jdjokic6c@yale.edu",
    "gender": "Female",
    "age": 70,
    "avatar": "http://dummyimage.com/212x100.png/ff4444/ffffff"
  },
  {
    "patient_id": 230,
    "first_name": "Eduino",
    "last_name": "Tordoff",
    "email": "etordoff6d@thetimes.co.uk",
    "gender": "Female",
    "age": 68,
    "avatar": "http://dummyimage.com/157x100.png/cc0000/ffffff"
  },
  {
    "patient_id": 231,
    "first_name": "Nicol",
    "last_name": "Aberhart",
    "email": "naberhart6e@freewebs.com",
    "gender": "Male",
    "age": 23,
    "avatar": "http://dummyimage.com/159x100.png/cc0000/ffffff"
  },
  {
    "patient_id": 232,
    "first_name": "Barth",
    "last_name": "Brahm",
    "email": "bbrahm6f@networkadvertising.org",
    "gender": "Male",
    "age": 48,
    "avatar": "http://dummyimage.com/247x100.png/dddddd/000000"
  },
  {
    "patient_id": 233,
    "first_name": "Osborne",
    "last_name": "Guiel",
    "email": "oguiel6g@chron.com",
    "gender": "Female",
    "age": 35,
    "avatar": "http://dummyimage.com/211x100.png/cc0000/ffffff"
  },
  {
    "patient_id": 234,
    "first_name": "Farra",
    "last_name": "Rowlstone",
    "email": "frowlstone6h@flickr.com",
    "gender": "Female",
    "age": 41,
    "avatar": "http://dummyimage.com/207x100.png/5fa2dd/ffffff"
  },
  {
    "patient_id": 235,
    "first_name": "Kathy",
    "last_name": "McKeighan",
    "email": "kmckeighan6i@so-net.ne.jp",
    "gender": "Male",
    "age": 32,
    "avatar": "http://dummyimage.com/137x100.png/5fa2dd/ffffff"
  },
  {
    "patient_id": 236,
    "first_name": "Calypso",
    "last_name": "Bensen",
    "email": "cbensen6j@issuu.com",
    "gender": "Female",
    "age": 53,
    "avatar": "http://dummyimage.com/195x100.png/cc0000/ffffff"
  },
  {
    "patient_id": 237,
    "first_name": "Townie",
    "last_name": "Smeeth",
    "email": "tsmeeth6k@yale.edu",
    "gender": "Male",
    "age": 21,
    "avatar": "http://dummyimage.com/173x100.png/5fa2dd/ffffff"
  },
  {
    "patient_id": 238,
    "first_name": "Jeromy",
    "last_name": "Lowle",
    "email": "jlowle6l@blinklist.com",
    "gender": "Male",
    "age": 24,
    "avatar": "http://dummyimage.com/161x100.png/cc0000/ffffff"
  },
  {
    "patient_id": 239,
    "first_name": "Bennie",
    "last_name": "Bacher",
    "email": "bbacher6m@addtoany.com",
    "gender": "Male",
    "age": 20,
    "avatar": "http://dummyimage.com/214x100.png/5fa2dd/ffffff"
  },
  {
    "patient_id": 240,
    "first_name": "Paulie",
    "last_name": "Malek",
    "email": "pmalek6n@house.gov",
    "gender": "Female",
    "age": 38,
    "avatar": "http://dummyimage.com/247x100.png/ff4444/ffffff"
  },
  {
    "patient_id": 241,
    "first_name": "Jere",
    "last_name": "Binney",
    "email": "jbinney6o@macromedia.com",
    "gender": "Male",
    "age": 43,
    "avatar": "http://dummyimage.com/109x100.png/cc0000/ffffff"
  },
  {
    "patient_id": 242,
    "first_name": "Aurel",
    "last_name": "Kinnie",
    "email": "akinnie6p@nhs.uk",
    "gender": "Female",
    "age": 47,
    "avatar": "http://dummyimage.com/182x100.png/ff4444/ffffff"
  },
  {
    "patient_id": 243,
    "first_name": "Obie",
    "last_name": "Corneil",
    "email": "ocorneil6q@github.io",
    "gender": "Male",
    "age": 27,
    "avatar": "http://dummyimage.com/173x100.png/cc0000/ffffff"
  },
  {
    "patient_id": 244,
    "first_name": "Wenda",
    "last_name": "Bantock",
    "email": "wbantock6r@skyrock.com",
    "gender": "Female",
    "age": 18,
    "avatar": "http://dummyimage.com/163x100.png/5fa2dd/ffffff"
  },
  {
    "patient_id": 245,
    "first_name": "Aurea",
    "last_name": "Rubinovici",
    "email": "arubinovici6s@wired.com",
    "gender": "Male",
    "age": 64,
    "avatar": "http://dummyimage.com/202x100.png/5fa2dd/ffffff"
  },
  {
    "patient_id": 246,
    "first_name": "Giustina",
    "last_name": "Morin",
    "email": "gmorin6t@tiny.cc",
    "gender": "Male",
    "age": 53,
    "avatar": "http://dummyimage.com/233x100.png/cc0000/ffffff"
  },
  {
    "patient_id": 247,
    "first_name": "Ariadne",
    "last_name": "Alexandersson",
    "email": "aalexandersson6u@creativecommons.org",
    "gender": "Male",
    "age": 24,
    "avatar": "http://dummyimage.com/108x100.png/dddddd/000000"
  },
  {
    "patient_id": 248,
    "first_name": "Anderea",
    "last_name": "Hucke",
    "email": "ahucke6v@joomla.org",
    "gender": "Female",
    "age": 18,
    "avatar": "http://dummyimage.com/100x100.png/cc0000/ffffff"
  },
  {
    "patient_id": 249,
    "first_name": "Gavin",
    "last_name": "Berzin",
    "email": "gberzin6w@webeden.co.uk",
    "gender": "Male",
    "age": 66,
    "avatar": "http://dummyimage.com/198x100.png/dddddd/000000"
  },
  {
    "patient_id": 250,
    "first_name": "Alica",
    "last_name": "Salmond",
    "email": "asalmond6x@blinklist.com",
    "gender": "Male",
    "age": 42,
    "avatar": "http://dummyimage.com/162x100.png/cc0000/ffffff"
  },
  {
    "patient_id": 251,
    "first_name": "Micheline",
    "last_name": "Kobelt",
    "email": "mkobelt6y@uol.com.br",
    "gender": "Male",
    "age": 62,
    "avatar": "http://dummyimage.com/233x100.png/cc0000/ffffff"
  },
  {
    "patient_id": 252,
    "first_name": "Malvina",
    "last_name": "MacCheyne",
    "email": "mmaccheyne6z@uiuc.edu",
    "gender": "Male",
    "age": 56,
    "avatar": "http://dummyimage.com/150x100.png/cc0000/ffffff"
  },
  {
    "patient_id": 253,
    "first_name": "Noby",
    "last_name": "Aiers",
    "email": "naiers70@msn.com",
    "gender": "Female",
    "age": 64,
    "avatar": "http://dummyimage.com/238x100.png/dddddd/000000"
  },
  {
    "patient_id": 254,
    "first_name": "Alard",
    "last_name": "Fulton",
    "email": "afulton71@canalblog.com",
    "gender": "Male",
    "age": 49,
    "avatar": "http://dummyimage.com/227x100.png/5fa2dd/ffffff"
  },
  {
    "patient_id": 255,
    "first_name": "Ewen",
    "last_name": "Briance",
    "email": "ebriance72@nature.com",
    "gender": "Female",
    "age": 19,
    "avatar": "http://dummyimage.com/169x100.png/cc0000/ffffff"
  },
  {
    "patient_id": 256,
    "first_name": "Hilario",
    "last_name": "Verey",
    "email": "hverey73@unesco.org",
    "gender": "Male",
    "age": 49,
    "avatar": "http://dummyimage.com/249x100.png/cc0000/ffffff"
  },
  {
    "patient_id": 257,
    "first_name": "Tait",
    "last_name": "Blann",
    "email": "tblann74@chronoengine.com",
    "gender": "Female",
    "age": 48,
    "avatar": "http://dummyimage.com/157x100.png/5fa2dd/ffffff"
  },
  {
    "patient_id": 258,
    "first_name": "Jethro",
    "last_name": "Broek",
    "email": "jbroek75@house.gov",
    "gender": "Male",
    "age": 37,
    "avatar": "http://dummyimage.com/111x100.png/ff4444/ffffff"
  },
  {
    "patient_id": 259,
    "first_name": "Isahella",
    "last_name": "Slimm",
    "email": "islimm76@dailymotion.com",
    "gender": "Female",
    "age": 45,
    "avatar": "http://dummyimage.com/242x100.png/5fa2dd/ffffff"
  },
  {
    "patient_id": 260,
    "first_name": "Berke",
    "last_name": "Tett",
    "email": "btett77@vimeo.com",
    "gender": "Male",
    "age": 67,
    "avatar": "http://dummyimage.com/221x100.png/ff4444/ffffff"
  },
  {
    "patient_id": 261,
    "first_name": "Catlaina",
    "last_name": "Estrella",
    "email": "cestrella78@google.it",
    "gender": "Female",
    "age": 40,
    "avatar": "http://dummyimage.com/113x100.png/ff4444/ffffff"
  },
  {
    "patient_id": 262,
    "first_name": "Andie",
    "last_name": "Lambertini",
    "email": "alambertini79@about.com",
    "gender": "Male",
    "age": 41,
    "avatar": "http://dummyimage.com/152x100.png/ff4444/ffffff"
  },
  {
    "patient_id": 263,
    "first_name": "Katina",
    "last_name": "Kimbley",
    "email": "kkimbley7a@disqus.com",
    "gender": "Female",
    "age": 45,
    "avatar": "http://dummyimage.com/161x100.png/dddddd/000000"
  },
  {
    "patient_id": 264,
    "first_name": "Zebedee",
    "last_name": "MacGowing",
    "email": "zmacgowing7b@elegantthemes.com",
    "gender": "Male",
    "age": 25,
    "avatar": "http://dummyimage.com/107x100.png/5fa2dd/ffffff"
  },
  {
    "patient_id": 265,
    "first_name": "Nicolas",
    "last_name": "Horry",
    "email": "nhorry7c@themeforest.net",
    "gender": "Male",
    "age": 48,
    "avatar": "http://dummyimage.com/238x100.png/5fa2dd/ffffff"
  },
  {
    "patient_id": 266,
    "first_name": "Nellie",
    "last_name": "Sedworth",
    "email": "nsedworth7d@ed.gov",
    "gender": "Female",
    "age": 45,
    "avatar": "http://dummyimage.com/180x100.png/5fa2dd/ffffff"
  },
  {
    "patient_id": 267,
    "first_name": "Yale",
    "last_name": "Undy",
    "email": "yundy7e@opera.com",
    "gender": "Male",
    "age": 64,
    "avatar": "http://dummyimage.com/121x100.png/5fa2dd/ffffff"
  },
  {
    "patient_id": 268,
    "first_name": "Ham",
    "last_name": "Mallia",
    "email": "hmallia7f@jimdo.com",
    "gender": "Male",
    "age": 52,
    "avatar": "http://dummyimage.com/146x100.png/dddddd/000000"
  },
  {
    "patient_id": 269,
    "first_name": "May",
    "last_name": "Nicolson",
    "email": "mnicolson7g@sohu.com",
    "gender": "Male",
    "age": 21,
    "avatar": "http://dummyimage.com/158x100.png/dddddd/000000"
  },
  {
    "patient_id": 270,
    "first_name": "Garik",
    "last_name": "Scapelhorn",
    "email": "gscapelhorn7h@github.com",
    "gender": "Female",
    "age": 69,
    "avatar": "http://dummyimage.com/124x100.png/5fa2dd/ffffff"
  },
  {
    "patient_id": 271,
    "first_name": "Isaak",
    "last_name": "Giffon",
    "email": "igiffon7i@ed.gov",
    "gender": "Male",
    "age": 33,
    "avatar": "http://dummyimage.com/171x100.png/ff4444/ffffff"
  },
  {
    "patient_id": 272,
    "first_name": "Consuela",
    "last_name": "Lancashire",
    "email": "clancashire7j@google.fr",
    "gender": "Female",
    "age": 65,
    "avatar": "http://dummyimage.com/145x100.png/cc0000/ffffff"
  },
  {
    "patient_id": 273,
    "first_name": "Aurore",
    "last_name": "Algy",
    "email": "aalgy7k@parallels.com",
    "gender": "Male",
    "age": 70,
    "avatar": "http://dummyimage.com/119x100.png/dddddd/000000"
  },
  {
    "patient_id": 274,
    "first_name": "Glenna",
    "last_name": "Lisle",
    "email": "glisle7l@bing.com",
    "gender": "Female",
    "age": 23,
    "avatar": "http://dummyimage.com/113x100.png/5fa2dd/ffffff"
  },
  {
    "patient_id": 275,
    "first_name": "Lavina",
    "last_name": "Pulhoster",
    "email": "lpulhoster7m@studiopress.com",
    "gender": "Male",
    "age": 42,
    "avatar": "http://dummyimage.com/107x100.png/dddddd/000000"
  },
  {
    "patient_id": 276,
    "first_name": "Andee",
    "last_name": "MacIlhagga",
    "email": "amacilhagga7n@yellowpages.com",
    "gender": "Male",
    "age": 44,
    "avatar": "http://dummyimage.com/236x100.png/ff4444/ffffff"
  },
  {
    "patient_id": 277,
    "first_name": "Urban",
    "last_name": "Greeding",
    "email": "ugreeding7o@tamu.edu",
    "gender": "Male",
    "age": 22,
    "avatar": "http://dummyimage.com/187x100.png/dddddd/000000"
  },
  {
    "patient_id": 278,
    "first_name": "Chelsy",
    "last_name": "Attwoul",
    "email": "cattwoul7p@rediff.com",
    "gender": "Female",
    "age": 39,
    "avatar": "http://dummyimage.com/144x100.png/5fa2dd/ffffff"
  },
  {
    "patient_id": 279,
    "first_name": "Kare",
    "last_name": "Gower",
    "email": "kgower7q@cbslocal.com",
    "gender": "Male",
    "age": 40,
    "avatar": "http://dummyimage.com/167x100.png/ff4444/ffffff"
  },
  {
    "patient_id": 280,
    "first_name": "Sylvia",
    "last_name": "Stanwix",
    "email": "sstanwix7r@disqus.com",
    "gender": "Male",
    "age": 40,
    "avatar": "http://dummyimage.com/186x100.png/ff4444/ffffff"
  },
  {
    "patient_id": 281,
    "first_name": "Zahara",
    "last_name": "Quan",
    "email": "zquan7s@fema.gov",
    "gender": "Male",
    "age": 23,
    "avatar": "http://dummyimage.com/119x100.png/5fa2dd/ffffff"
  },
  {
    "patient_id": 282,
    "first_name": "Vivianne",
    "last_name": "Bogie",
    "email": "vbogie7t@yellowpages.com",
    "gender": "Female",
    "age": 36,
    "avatar": "http://dummyimage.com/171x100.png/dddddd/000000"
  },
  {
    "patient_id": 283,
    "first_name": "Consolata",
    "last_name": "Kingston",
    "email": "ckingston7u@soundcloud.com",
    "gender": "Male",
    "age": 55,
    "avatar": "http://dummyimage.com/120x100.png/ff4444/ffffff"
  },
  {
    "patient_id": 284,
    "first_name": "Alexine",
    "last_name": "Gwin",
    "email": "agwin7v@cafepress.com",
    "gender": "Female",
    "age": 54,
    "avatar": "http://dummyimage.com/239x100.png/ff4444/ffffff"
  },
  {
    "patient_id": 285,
    "first_name": "Brock",
    "last_name": "Renihan",
    "email": "brenihan7w@addtoany.com",
    "gender": "Female",
    "age": 67,
    "avatar": "http://dummyimage.com/200x100.png/dddddd/000000"
  },
  {
    "patient_id": 286,
    "first_name": "Jaymie",
    "last_name": "Dearness",
    "email": "jdearness7x@rambler.ru",
    "gender": "Female",
    "age": 48,
    "avatar": "http://dummyimage.com/242x100.png/dddddd/000000"
  },
  {
    "patient_id": 287,
    "first_name": "Jeramie",
    "last_name": "Jewks",
    "email": "jjewks7y@sitemeter.com",
    "gender": "Female",
    "age": 44,
    "avatar": "http://dummyimage.com/221x100.png/cc0000/ffffff"
  },
  {
    "patient_id": 288,
    "first_name": "Carlota",
    "last_name": "Lovelady",
    "email": "clovelady7z@jalbum.net",
    "gender": "Female",
    "age": 59,
    "avatar": "http://dummyimage.com/168x100.png/5fa2dd/ffffff"
  },
  {
    "patient_id": 289,
    "first_name": "Karoline",
    "last_name": "Rasp",
    "email": "krasp80@sciencedirect.com",
    "gender": "Female",
    "age": 56,
    "avatar": "http://dummyimage.com/170x100.png/ff4444/ffffff"
  },
  {
    "patient_id": 290,
    "first_name": "Sigismondo",
    "last_name": "Wallman",
    "email": "swallman81@bloglines.com",
    "gender": "Male",
    "age": 37,
    "avatar": "http://dummyimage.com/198x100.png/ff4444/ffffff"
  },
  {
    "patient_id": 291,
    "first_name": "Marthena",
    "last_name": "Luchetti",
    "email": "mluchetti82@cargocollective.com",
    "gender": "Male",
    "age": 68,
    "avatar": "http://dummyimage.com/196x100.png/ff4444/ffffff"
  },
  {
    "patient_id": 292,
    "first_name": "Haywood",
    "last_name": "Mash",
    "email": "hmash83@vimeo.com",
    "gender": "Male",
    "age": 56,
    "avatar": "http://dummyimage.com/174x100.png/dddddd/000000"
  },
  {
    "patient_id": 293,
    "first_name": "Jesselyn",
    "last_name": "Milward",
    "email": "jmilward84@booking.com",
    "gender": "Female",
    "age": 70,
    "avatar": "http://dummyimage.com/223x100.png/dddddd/000000"
  },
  {
    "patient_id": 294,
    "first_name": "Lefty",
    "last_name": "Echallier",
    "email": "lechallier85@blogspot.com",
    "gender": "Male",
    "age": 38,
    "avatar": "http://dummyimage.com/243x100.png/cc0000/ffffff"
  },
  {
    "patient_id": 295,
    "first_name": "Patrick",
    "last_name": "Matchett",
    "email": "pmatchett86@exblog.jp",
    "gender": "Female",
    "age": 53,
    "avatar": "http://dummyimage.com/122x100.png/dddddd/000000"
  },
  {
    "patient_id": 296,
    "first_name": "Andreas",
    "last_name": "Georgievski",
    "email": "ageorgievski87@chronoengine.com",
    "gender": "Female",
    "age": 57,
    "avatar": "http://dummyimage.com/198x100.png/dddddd/000000"
  },
  {
    "patient_id": 297,
    "first_name": "Emmalee",
    "last_name": "Reubens",
    "email": "ereubens88@amazon.com",
    "gender": "Male",
    "age": 26,
    "avatar": "http://dummyimage.com/146x100.png/cc0000/ffffff"
  },
  {
    "patient_id": 298,
    "first_name": "Donnie",
    "last_name": "McMoyer",
    "email": "dmcmoyer89@surveymonkey.com",
    "gender": "Female",
    "age": 34,
    "avatar": "http://dummyimage.com/248x100.png/ff4444/ffffff"
  },
  {
    "patient_id": 299,
    "first_name": "Terri",
    "last_name": "Melwall",
    "email": "tmelwall8a@weather.com",
    "gender": "Female",
    "age": 37,
    "avatar": "http://dummyimage.com/234x100.png/cc0000/ffffff"
  },
  {
    "patient_id": 300,
    "first_name": "Shalna",
    "last_name": "Vanyashin",
    "email": "svanyashin8b@ehow.com",
    "gender": "Male",
    "age": 36,
    "avatar": "http://dummyimage.com/171x100.png/ff4444/ffffff"
  }
]